Well,Regional_group,Region,Location,latitude,longitude,aquifer_id,Snow_influenced
OW399,Interior 1,South Area,Knutsford (Near Separation Lake),50.5896,-120.30618,276,1
OW075,Interior 2,South Area,Keremeos (6th Ave & 5th St.),49.20635,-119.82532,259,1
OW375,Interior 1,South Area,Blue River (Murtle Lake Road),52.116147,-119.31344,825,1
OW268,Vancouver Island 1,West Coast Region,Denman Island (Denman Road),49.53466,-124.76883,740,0
OW310,Vancouver Island 1,West Coast Region,Bowser (Deep Bay North At Gainsburg Rd.),49.448724,-124.716175,416,0
OW288,Vancouver Island 2,West Coast Region,Hornby Island (Central Rd. At Sandpiper Rd.),49.506,-124.64873,438,0
OW371,Vancouver Island 2,West Coast Region,T'sable River (Hwy 19a),49.51874,-124.83962,415,0
OW426,Vancouver Island 3,West Coast Region,Qualicum (Spider Lake Rd. Shallow),49.36456,-124.61434,662,0
OW306,Interior 2,South Area,Beaverdell (Hwy 33 & 42nd Ave.),49.438271,-119.086497,482,1
OW390,Vancouver Island 1,West Coast Region,Cedar (Holden-Corso Rd),49.108143,-123.823252,162,0
OW436,Vancouver Island 1,West Coast Region,Cassidy (Timberlands Rd. Deep),49.045399,-123.874614,160,0
OW432,Vancouver Island 3,West Coast Region,Yellowpoint (Quennell Rd.),49.05833,-123.80978,162,0
OW435,Vancouver Island 3,West Coast Region,South Wellington (S.Wellington Rd),49.096728,-123.888749,165,0
OW349,Coastal 1,South Coast Region,Belcarra (3400-Block Main Ave),49.32042,-122.90234,68,0
OW200,Northern,North Area,Dease Lake,58.43794,-129.9923,828,1
OW217,Interior 2,South Area,Grand Forks (Richmond Ave.),49.023016,-118.434061,158,1
OW035,Interior 1,South Area,Stump Lake (Hwy 5a & Old Kamloops Road),50.39353,-120.32752,1174,1
OW363,Interior 3,South Area,Wasa (Hwy 93),49.79076,-115.74855,540,1
OW081,Interior 1,South Area,83 Mile (Cariboo Hwy 97n),51.43115,-121.38021,124,1
OW332,Interior 2,South Area,Oliver (87TH ST.),49.137819,-119.569162,254,1
OW405,Interior 2,South Area,Oliver (101 St & 338 Ave),49.16931,-119.5639,256,1
OW407,Interior 3,South Area,Oliver (Tuc-El-Nuit Rd),49.21599,-119.54109,255,1
OW428,Vancouver Island 1,West Coast Region,Cowichan (Skultz Falls Rd Deep),48.79051,-123.95995,NA,0
OW429,Vancouver Island 1,West Coast Region,Cowichan (Skultz Falls Rd Shallow),48.790505,-123.959954,178,0
OW459,Coastal 1,South Coast Region,Chilliwack (Unsworth Rd),49.110477,-121.998289,8,1
OW487,Interior 2,South Area,Lumby (Whitevale Rd. & Horner Rd.),50.219445,-119.003821,314,1
OW437,Vancouver Island 1,West Coast Region,Cassidy (Timberlands Rd. Shallow),49.045426,-123.874615,161,0
OW337,Vancouver Island 2,West Coast Region,Ladysmith (Woodley Range),49.036948,-123.828877,162,0
OW281,Vancouver Island 3,West Coast Region,Saltspring Island (Long Harbour Rd.),48.85179,-123.45708,721,0
OW292,Coastal 2,South Coast Region,Powell River (2214 Victory Rd.),49.77559,-124.40106,836,0
OW422,Interior 1,South Area,Logan Lake (Pikes Road South Of Chartrand Creek),50.48783,-120.82906,822,1
OW369,Vancouver Island 1,West Coast Region,Oyster R. Unconsolidated,49.87834,-125.26389,NA,0
OW383,Vancouver Island 2,West Coast Region,Quadra Island (Heriot Bay Rd.),50.055599,-125.189118,751,0
OW376,Interior 1,South Area,Junction Sheep Range Park,51.79912,-122.4505,NA,1
OW185,Interior 1,South Area,Salmon River (Salmon River Road Se Salmon Arm),50.510924,-119.354275,97,1
OW381,Interior 1,South Area,Grindrod Hwy (Salmon Arm - 97b),50.652616,-119.20174,108,1
OW464,Interior 1,South Area,Grindrod Hwy (Salmon Arm - 97b),50.65262,-119.20195,109,1
OW320,Vancouver Island 1,West Coast Region,Cobble Hill (Braithwaite Estates),48.69892,-123.58202,197,0
OW258,Vancouver Island 2,West Coast Region,Galiano Island (Shopland Rd.),48.87386,-123.32605,320,0
OW283,Vancouver Island 2,West Coast Region,Pender Island (Paisley Road),48.81503,-123.31447,711,0
OW327,Vancouver Island 2,West Coast Region,Galiano Island (Community School),48.885558,-123.334866,320,0
OW373,Vancouver Island 3,West Coast Region,Salt Spring Island (Mt Belcher Heights),48.83867,-123.51075,722,0
OW438,Vancouver Island 3,West Coast Region,Salt Spring Island (Ross Rd),48.89015,-123.50125,721,0
OW117,Interior 2,South Area,Armstrong (Otter Lake Cross Rd.),50.427103,-119.227723,1155,1
OW384,Interior 3,South Area,Armstrong (Schubert Rd.) Spallumcheen,50.499953,-119.211984,102,1
OW409,Interior 3,South Area,Spallumcheen (Schubert Rd),50.510481,-119.225923,103,1
OW412,Interior 3,South Area,Summerland (Upper Trout Creek),49.734442,-120.156664,1264,1
OW329,Vancouver Island 3,West Coast Region,Ucluelet (Hwys Yard),48.994962,-125.59433,159,0
OW374,Interior 1,South Area,108 Mile Subdivision,51.748824,-121.377389,131,1
OW460,Coastal 1,South Coast Region,Gibsons (Oceanmount Blvd & Shaw Rd),49.401641,-123.520065,560,0
OW490,Coastal 1,South Coast Region,Langley (80 AVE & 252 ST),49.14763,-122.53144,24,1
OW463,Coastal 2,South Coast Region,Mission (30514 Dewdney Trunk Rd),49.220192,-122.379292,884,0
OW474,Coastal 2,South Coast Region,Miracle Valley (Burns Rd),49.23549,-122.23649,25,0
OW479,Coastal 2,South Coast Region,Maple Ridge (276 ST & Bell Ave),49.18354,-122.45753,19,0
OW491,Coastal 2,South Coast Region,Maple Ridge (Selvey Park),49.19573,-122.47144,26,0
OW502,Northern,North Area,Valemount (Cranberry Marsh) ,52.81655,-119.27067,800,1
OW455,Northern,North Area,Vanderhoof,54.02345,-124.31642,242,1
OW309,Interior 2,South Area,Golden (Highway 95 & Almberg Rd.),51.25933,-116.91873,450,1
OW201,Vancouver Island 1,West Coast Region,Alert Bay (Fir St.),50.58197,-126.92605,858,0
OW262,Interior 2,South Area,Kelowna (Mcculloch Rd. & Klo Rd.),49.860097,-119.421006,464,1
OW204,Vancouver Island 1,West Coast Region,Duncan (Duncan Rv Park North Boys Rd.),48.77047,-123.69335,186,0
OW355,Vancouver Island 1,West Coast Region,Chemainus (Mt Sicker Rd.),48.87472,-123.70362,172,0
OW430,Vancouver Island 1,West Coast Region,Cowichan (Mclay Rd Deep),48.75567,-123.72598,198,0
OW431,Vancouver Island 1,West Coast Region,Cowichan (Mclay Rd Shallow),48.75567,-123.72598,199,0
OW488,Vancouver Island 1,West Coast Region,Cowichan Station (Koksilah Rd),48.72946,-123.66332,197,0
OW287,Vancouver Island 1,West Coast Region,Coombs (Burgoyne Road),49.301596,-124.415168,220,0
OW424,Vancouver Island 1,West Coast Region,Coombs (Shawn Rd),49.314,-124.40842,1250,0
OW304,Vancouver Island 2,West Coast Region,Parksville (Despard Rd. At Springwood Park),49.310444,-124.330671,216,0
OW314,Vancouver Island 2,West Coast Region,Parksville (Springhill Rd.),49.31149,-124.34853,216,0
OW391,Vancouver Island 2,West Coast Region,Little Qualicum (Meadowood Way),49.32983,-124.56006,662,0
OW395,Vancouver Island 2,West Coast Region,Nanoose (River's Edge Dr.),49.28029,-124.28061,219,0
OW398,Vancouver Island 2,West Coast Region,Parksville (Trill Road),49.307161,-124.311776,216,0
OW321,Vancouver Island 3,West Coast Region,Qualicum (Leeward Way),49.34769,-124.38281,1250,0
OW389,Vancouver Island 3,West Coast Region,Qualicum Beach (W. Island Hwy),49.35992,-124.47597,664,0
OW433,Vancouver Island 3,West Coast Region,Qualicum (Garden Rd. E. Deep),49.34244,-124.40625,1250,0
OW434,Vancouver Island 3,West Coast Region,Qualicum (Garden Rd. E. Shallow),49.34232,-124.40714,217,0
OW451,Coastal 1,South Coast Region,Hope (Tobena Road At Flood Hope Road),49.36575,-121.48121,1,1
OW260,Interior 1,South Area,Quesnel Red Bluff (le Drive & Borregard Road),52.96489,-122.46749,115,1
OW058,Vancouver Island 3,West Coast Region,North Saanich (Mainwaring Rd.),48.63119,-123.41753,610,0
OW338,Vancouver Island 3,West Coast Region,Central Saanich (Seabrook Rd.),48.57242,-123.41726,608,0
OW343,Vancouver Island 3,West Coast Region,Central Saanich (Mt Newton X Road),48.599,-123.445816,608,0
OW416,Northern,North Area,Dawson Creek Area / Groundbirch (Lineham Rd and 275 Rd),55.82529,-120.97583,595,1
OW125,Vancouver Island 2,West Coast Region,Mayne Island (Horton Bay Rd.),48.84274,-123.27493,620,0
OW128,Vancouver Island 2,West Coast Region,Mayne Island (Skana Gate Road),48.86903,-123.28269,447,0
OW284,Vancouver Island 2,West Coast Region,Pender Island (Pirates Road),48.74882,-123.25686,720,0
OW290,Vancouver Island 3,West Coast Region,Saturna Island (East Point Rd. At Gaines Rd.),48.80294,-123.17863,737,0
OW293,Northern,North Area,Ferguson Lake (N. Kelly Rd.),54.0472,-122.8038,332,1
OW316,Vancouver Island 1,West Coast Region,Gabriola Island (Oyster Way),49.138625,-123.767724,709,0
OW385,Vancouver Island 1,West Coast Region,Gabriola Island (Horseshoe Rd.),49.180666,-123.826884,709,0
OW196,Vancouver Island 2,West Coast Region,Gabriola Island (Buttercup Rd.),49.16994,-123.80128,709,0
OW197,Vancouver Island 2,West Coast Region,Gabriola Island (North Road),49.15638,-123.7652,709,0
OW392,Vancouver Island 2,West Coast Region,Nanoose (Dawson Rd Deep),49.27794,-124.24362,1098,0
OW393,Vancouver Island 2,West Coast Region,Nanoose (Dawson Rd Shallow),49.27794,-124.24362,219,0
OW394,Vancouver Island 2,West Coast Region,Nanoose (Nuttal Dr.),49.30096,-124.19139,218,0
OW396,Vancouver Island 2,West Coast Region,Nanoose (Ballenas Rd.),49.30131,-124.22964,219,0
OW294,Interior 2,South Area,Lumby (Whitevale Rd. & Horner Rd.),50.219595,-119.003824,316,1
OW311,Interior 3,South Area,Vernon (Keddleston Rd.) Bx Creek,50.320322,-119.202478,351,1
OW411,Interior 3,South Area,West Kelowna (Gill Rd),49.83667,-119.68638,304,1
OW452,Coastal 1,South Coast Region,Langley (Fort Langley Park),49.167753,-122.584482,37,1
OW456,Coastal 1,South Coast Region,Langley (Infiltration Gallery At 206 St & 86 Ave),49.158707,-122.651309,59,0
OW354,Coastal 2,South Coast Region,Langley (238 St Near 50 Ave),49.09392,-122.56474,35,0
OW453,Coastal 2,South Coast Region,Langley (24015 72nd Ave),49.13393,-122.55637,35,0
OW447,Coastal 3,South Coast Region,Surrey (Tynehead Park),49.18456,-122.75323,61,0
OW454,Coastal 2,South Coast Region,Squamish (3800 Paradise Valley Road),49.83479,-123.15197,401,1
OW483,Coastal 2,South Coast Region,Squamish (Powerhouse Creek),49.72254,-123.07491,397,0
OW154,Interior 3,South Area,Summerland (Hwy 97 & Thornber St.),49.57765,-119.63526,297,1
OW353,Coastal 2,South Coast Region,Langley (196 St Near 36 Ave),49.06717,-122.67997,41,0
OW360,Coastal 2,South Coast Region,Langley (2145 200 St.),49.04074,-122.67138,41,0
OW446,Coastal 2,South Coast Region,Langley (Campbell Valley Park),49.0188,-122.65452,52,0
OW275,Coastal 3,South Coast Region,Surrey (36th Ave Near 194th St.),49.06754,-122.68439,41,0
OW071,Vancouver Island 3,West Coast Region,Saanich (Cordova Bay Road),48.5304,-123.37483,616,0
OW467,Interior 2,South Area,Osoyoos East (52 Ave and 25 St),49.02232,-119.42551,194,1
OW401,Interior 3,South Area,Osoyoos (Bullmoose Rd),49.023341,-119.363599,808,1
OW402,Interior 3,South Area,Osoyoos (Anarchist Mtn Summit),49.030404,-119.347269,936,1
OW406,Coastal 1,South Coast Region,Chilliwack,49.12231,-121.97352,8,0
OW448,Coastal 1,South Coast Region,Agassiz (Wilson Road),49.244304,-121.785054,4,1
OW449,Coastal 1,South Coast Region,Agassiz (Morrow Road),49.235153,-121.747747,4,1
OW450,Coastal 1,South Coast Region,Chilliwack (Sweet Briar Ave),49.16495,-121.91194,6,0
OW074,Interior 2,South Area,Ootischenia (Aaron Rd. - Castlegar Golf Course),49.31035,-117.61339,507,1
OW417,Northern,North Area,Dawson Creek Area / Groundbirch (267 Rd and 214 Rd),55.83334,-120.871105,595,1
OW418,Northern,North Area,Dawson Creek Area / Farmington (235 Rd and Sweetwater Rd),55.909962,-120.453375,633,1
OW080,Interior 1,South Area,Clinton (Rodeo Grounds Cariboo Hwy 97n),51.07193,-121.5852,921,1
OW442,Interior 2,South Area,Kelowna (4660 Black Rd),49.950925,-119.365802,464,1
OW356,Interior 3,South Area,Winfield (Jim Bailey Rd.),50.008442,-119.3918,344,1
OW351,Vancouver Island 1,West Coast Region,Comox (Greenwood Rd.),49.71725,-124.92994,408,0
OW261,Interior 1,South Area,Williams Lake (Dog Creek Road),52.09645,-122.11943,148,1
OW289,Interior 1,South Area,Williams Lake (Pine Valley Subdivision),52.175985,-122.083552,139,1
OW291,Interior 2,South Area,Cranbrook (Gold Creek Rd. & 42nd Ave.),49.473055,-115.718887,523,1
OW468,Interior 2,South Area,"Cranbrook (Pop Price Park, adjacent to Slater Rd NW)",49.51528,-115.770422,525,1
OW513,Northern,North Area,Terrace (Highway 16 and Frank Street),54.5177,-128.63653,575,1
OW002,Coastal 1,South Coast Region,"Abbotsford (Airport, Huntingdon Rd W Of Clearbrook Rd)",49.0171,-122.34165,15,0
OW008,Coastal 1,South Coast Region,Abbotsford  (Vye Rd E Of Mccallum Rd),49.01696,-122.2894,15,0
OW255,Coastal 1,South Coast Region,Chilliwack (Yarrow Ratzlaff Rd),49.07409,-122.05764,1216,0
OW299,Coastal 1,South Coast Region,Abbotsford (Mt Lehman Rd N Of Marshall Rd Extension),49.04214,-122.38148,15,0
OW301,Coastal 1,South Coast Region,Abbotsford (King Rd W Of Bradner Rd),49.03127,-122.43471,15,0
OW357,Coastal 1,South Coast Region,Abbotsford (30244 Taylor Rd),49.11834,-122.38712,29,0
OW492,Coastal 1,South Coast Region,Columbia Valley (Kosikar Rd),49.02244,-122.05063,20,0
OW359,Coastal 2,South Coast Region,Langley (3364 240 St),49.06252,-122.55919,33,0
OW361,Coastal 2,South Coast Region,Langley (Aldergrove 26b Ave),49.05044,-122.46313,27,0
OW414,Coastal 2,South Coast Region,Langley (244 St & 35 Ave - Shallow),49.06537,-122.54718,1144,0
OW415,Coastal 2,South Coast Region,Langley (244 St & 35 Ave - Deep),49.06537,-122.54718,33,0
OW458,Coastal 2,South Coast Region,Langley (26603 24 Ave. Aldergrove),49.046826,-122.487051,27,0
OW403,Interior 3,South Area,Twin Lakes (Twin Lakes Rd),49.33003,-119.72338,261,1
OW060,Vancouver Island 3,West Coast Region,North Saanich (Littlewood Rd.),48.65863,-123.4304,609,0
OW240,Vancouver Island 3,West Coast Region,North Saanich (Carnoustie Cr.),48.63667,-123.46583,608,0
