Well,Regional_group,Region,Location,latitude,longitude,aquifer_id,subtype,Snow_influenced,Training_start_date,Climate_station_Id,Climate_station_me,Climate_Infilled_id,Climate_secondary_Infilled,Climate_tertiary_Infilled,Climate_quaternary_Infilled,snow_stn,Lag_time,DWC_Precip,DWC_Snow,station_name_RF_forecast,ann_size,ann_decay,ann_maxit
OW349,Coastal 1,South Coast Region,Belcarra (3400-Block Main Ave),49.32042,-122.90234,68,NA,0,2004-01-01,888,NA,823,6830,NA,NA,1D17P,7,5,NA,COQ,20,0.001,200
OW371,Vancouver Island 2,West Coast Region,T'sable River (Hwy 19a),49.51874,-124.83962,415,NA,0,2004-01-01,225,NA,155,8045,181,NA,3A25P,7,2,NA,BOW,20,0.01,500
OW281,Vancouver Island 3,West Coast Region,Saltspring Island (Long Harbour Rd.),48.85179,-123.45708,721,,0,2004-01-01,77,,51337,26,6810,NA,1D17P,7,1,,,20,0.01,100
OW319,Vancouver Island 3,West Coast Region,Saturna Island (Tumbo Channel Rd.),48.78235,-123.06077,735,,0,2004-01-01,96,,6810,77,766,NA,1D17P,7,100,,,20,0.1,100
OW321,Vancouver Island 3,West Coast Region,Qualicum (Leeward Way),49.34769,-124.38281,1250,NA,0,2004-01-01,45627,NA,181,138,NA,NA,3A25P,7,5,NA,VOQ,20,0.01,100
OW204,Vancouver Island 1,West Coast Region,Duncan (Duncan Rv Park North Boys Rd.),48.77047,-123.69335,186,NA,0,2004-01-01,26,NA,97,51337,NA,NA,1D17P,7,2,NA,VOO,20,0.001,100
OW355,Vancouver Island 1,West Coast Region,Chemainus (Mt Sicker Rd.),48.87472,-123.70362,172,NA,0,2004-01-01,26,NA,192. 51318. 52941,97,51337,NA,3A25P,7,2,NA,VOO,15,0.001,100
OW493,Vancouver Island 1,West Coast Region,Cowichan Station (Jack Fleetwood Park),48.72924,-123.67064,198,,0,2004-01-01,51337,,97,87,NA,NA,3B24P,7,1,,,10,0.1,100
OW125,Vancouver Island 2,West Coast Region,Mayne Island (Horton Bay Rd.),48.84274,-123.27493,620,NA,0,2004-01-01,77,NA,6810,96,766,NA,1D17P,7,2,NA,VTS,5,0.1,200
OW258,Vancouver Island 2,West Coast Region,Galiano Island (Shopland Rd.),48.87386,-123.32605,320,NA,0,2004-01-01,77,NA,6810,766,96,NA,1D17P,7,3,NA,SLT,20,0.01,100
OW284,Vancouver Island 2,West Coast Region,Pender Island (Pirates Road),48.74882,-123.25686,720,NA,0,2004-01-01,77,NA,6810,96,51337,87,1D17P,7,3,NA,VTS,10,0.01,100
OW391,Vancouver Island 2,West Coast Region,Little Qualicum (Meadowood Way),49.32983,-124.56006,662,NA,0,2004-01-01,45627,NA,181,8045,138,NA,3B17P,7,1,NA,VOQ,5,0.001,100
OW397,Vancouver Island 2,West Coast Region,Nanoose (Northwest Bay Rd.),49.27522,-124.19276,1098,,0,2004-01-01,138,,45627,181,132. 29411,NA,1D18P,7,100,,,20,0.1,100
OW389,Vancouver Island 3,West Coast Region,Qualicum Beach (W. Island Hwy),49.35992,-124.47597,664,NA,0,2004-01-01,45627,NA,181,138,8045,NA,3A25P,7,3,NA,VOQ,20,0.001,100
OW426,Vancouver Island 3,West Coast Region,Qualicum (Spider Lake Rd. Shallow),49.36456,-124.61434,662,NA,0,2004-01-01,45627,NA,181,8045,225,NA,3A25P,7,1,NA,BOW,15,0.1,200
OW427,Vancouver Island 3,West Coast Region,Qualicum (Cochrane Rd. Shallow),49.39486,-124.66618,416,,0,2004-01-01,8045,,181,45627,225,NA,3B17P,7,5,,,15,0.001,100
OW268,Vancouver Island 1,West Coast Region,Denman Island (Denman Road),49.53466,-124.76883,740,NA,0,2004-01-01,155,NA,225,8045,181,NA,3A25P,7,5,NA,BOW,5,0.01,200
OW439,Vancouver Island 1,West Coast Region,Cobble Hill (Empress Road),48.67676,-123.61564,202,NA,0,2004-01-01,51337,NA,97,54641,87,NA,3B24P,7,5,NA,WKH,5,0.001,200
OW196,Vancouver Island 2,West Coast Region,Gabriola Island (Buttercup Rd.),49.16994,-123.80128,709,NA,0,2004-01-01,132. 29411,NA,192. 51318. 52941,26,309,NA,3A25P,7,2,NA,WEL,10,0.01,200
OW327,Vancouver Island 2,West Coast Region,Galiano Island (Community School),48.885558,-123.334866,320,NA,0,2004-01-01,77,NA,6810,766,96,NA,1D17P,7,5,NA,SLT,20,0.01,100
OW406,Coastal 1,South Coast Region,Chilliwack,49.12231,-121.97352,8,NA,0,2004-01-01,50368,NA,707,706,810,NA,1D17P,7,5,NA,WZA,15,0.1,100
OW433,Vancouver Island 3,West Coast Region,Qualicum (Garden Rd. E. Deep),49.34244,-124.40625,1250,NA,0,2004-01-01,45627,NA,181,138,NA,NA,3A25P,7,3,NA,VOQ,5,0.001,100
OW435,Vancouver Island 3,West Coast Region,South Wellington (S.Wellington Rd),49.096728,-123.888749,165,NA,0,2004-01-01,132. 29411,NA,192. 51318. 52941,26,NA,NA,3A25P,7,2,NA,CED,20,0.001,100
OW495,Coastal 1,South Coast Region,Bowen Island (Singing Woods),49.37426,-123.34901,746,,0,2004-01-01,6833,,6817,309,NA,NA,1D17P,7,100,,,10,0.001,200
OW240,Vancouver Island 3,West Coast Region,North Saanich (Carnoustie Cr.),48.63667,-123.46583,608,NA,0,2004-01-01,51337,NA,54641,87,NA,NA,1D17P,7,3,NA,YYJ,15,0.01,100
OW290,Vancouver Island 3,West Coast Region,Saturna Island (East Point Rd. At Gaines Rd.),48.80294,-123.17863,737,NA,0,2004-01-01,6810,NA,77,96,766,NA,1D17P,7,5,NA,VTS,5,0.01,100
OW255,Coastal 1,South Coast Region,Chilliwack (Yarrow Ratzlaff Rd),49.07409,-122.05764,1216,NA,0,2004-01-01,50368,NA,810,702. 50308. 54238,707,NA,1D17P,7,2,NA,YXX,10,0.001,200
OW449,Coastal 1,South Coast Region,Agassiz (Morrow Road),49.235153,-121.747747,4,NA,1,2004-01-01,706,NA,707,49588,50517,50368,1D19P,7,10,5,WZA,5,0.001,500
OW448,Coastal 1,South Coast Region,Agassiz (Wilson Road),49.244304,-121.785054,4,NA,1,2004-01-01,706,NA,707,50368,49588,50517,1D19P,7,5,100,WZA,5,0.01,500
OW450,Coastal 1,South Coast Region,Chilliwack (Sweet Briar Ave),49.16495,-121.91194,6,NA,0,2004-01-01,50368,NA,707,706,810,NA,1D17P,7,3,NA,WZA,15,0.01,100
OW457,Coastal 1,South Coast Region,Abbotsford (Lamson Road),49.029824,-122.194625,21,NA,1,2004-01-01,810,NA,702. 50308. 54238,50368,43723,NA,1D19P,7,2,10,YXX,10,0.01,500
OW459,Coastal 1,South Coast Region,Chilliwack (Unsworth Rd),49.110477,-121.998289,8,,1,2004-01-01,50368,,810,707,706,NA,1D19P,7,5,2,,5,0.01,200
OW485,Coastal 1,South Coast Region,Dewdney (McKamie Rd.),49.15398,-122.20424,12,NA,1,2004-01-01,810,NA,702. 50308. 54238,50368,43723,NA,1D19P,7,100,100,YXX,15,0.01,200
OW490,Coastal 1,South Coast Region,Langley (80 AVE & 252 ST),49.14763,-122.53144,24,NA,1,2004-01-01,43723,NA,747,6830,702. 50308. 54238,810,1D19P,7,100,5,UBC,10,0.001,200
OW454,Coastal 2,South Coast Region,Squamish (3800 Paradise Valley Road),49.83479,-123.15197,401,NA,1,2004-01-01,336. 10816,NA,43500,43443,348,NA,3A25P,7,10,1,WSK,5,0.1,200
OW462,Coastal 2,South Coast Region," 	Maple Ridge (Thornhill Park)",49.18054,-122.50041,19,,1,2004-01-01,43723,,6830,747,810,702. 50308. 54238,1D19P,7,10,10,,15,0.1,200
OW498,Coastal 2,South Coast Region,Sechelt (Mission Point Park - DEEP),49.44016,-123.72348,566,,1,2004-01-01,45788,,320,309,45267,NA,3A28P,7,10,100,,5,0.1,500
OW408,Coastal 2,South Coast Region,Savary Island (Brians Way),49.94076,-124.78479,834,,0,2004-01-01,45807,,327. 52018,155,152,NA,3A25P,7,5,,,15,0.1,200
OW478,Coastal 3,South Coast Region," 	Whistler (Lorimer Rd)",50.11943,-122.94813,387,,1,2004-01-01,43443,,348,43500,NA,NA,1D06P,7,3,100,,10,0.1,500
OW035,Interior 1,South Area,Stump Lake (Hwy 5a & Old Kamloops Road),50.39353,-120.32752,1174,NA,1,2004-01-01,1216,NA,42203,51423,1022,NA,1F03P,7,100,100,GLI,15,0.1,200
OW045,Interior 1,South Area,Westwold (Station Road),50.47556,-119.75801,289,,1,2004-01-01,1216,,6843,46987,42203,NA,1F03P,7,100,5,,5,0.1,200
OW080,Interior 1,South Area,Clinton (Rodeo Grounds Cariboo Hwy 97n),51.07193,-121.5852,921,NA,1,2004-01-01,53638,NA,51558,51423,NA,NA,1D06P,7,100,100,YIN,5,0.01,200
OW497,Coastal 2,South Coast Region,Scrd (Whispering Firs Park),49.40512,-123.55922,560,,0,2004-01-01,309,,45788,45267,6817,NA,1D18P,7,10,,,15,0.1,100
OW185,Interior 1,South Area,Salmon River (Salmon River Road Se Salmon Arm),50.510924,-119.354275,97,NA,1,2004-01-01,6843,NA,46987,1216,48369,NA,1F03P,7,100,10,SLA,10,0.01,200
OW289,Interior 1,South Area,Williams Lake (Pine Valley Subdivision),52.175985,-122.083552,139,NA,1,2004-01-01,664. 50820,NA,650,48688,48108,NA,1C41P,7,10,10,YWL,10,0.1,200
OW302,Interior 1,South Area,Malakwa (Loftus Road),50.935502,-118.793979,307,,1,2004-01-01,49548,,49492,6843,46987,NA,1F06P,7,10,10,,10,0.01,200
OW365,Interior 1,South Area,Shuswap Lake Park Deep (Squilax -Anglemont Road),50.91214,-119.44115,229,,1,2004-01-01,6843,,1216,42203,51423,NA,1F06P,7,100,10,,5,0.1,500
OW374,Interior 1,South Area,108 Mile Subdivision,51.748824,-121.377389,131,NA,1,2004-01-01,650,NA,51558,664. 50820,53638,NA,1C20P,7,100,3,TMY,5,0.001,200
OW375,Interior 1,South Area,Blue River (Murtle Lake Road),52.116147,-119.31344,825,NA,1,2004-01-01,1237,NA,8214,1367,1340,NA,1E02P,7,100,5,BLU,5,0.1,500
OW399,Interior 1,South Area,Knutsford (Near Separation Lake),50.5896,-120.30618,276,NA,1,2004-01-01,1216,NA,42203,51423,1022,NA,1F03P,7,100,3,AFT,10,0.1,500
OW400,Interior 1,South Area,Hat Creek (Aq 134 1a Near Confluence Bonaparte R & Hat Cr),50.88584,-121.40391,134,,1,2004-01-01,53638,,51558,51423,NA,NA,1D06P,7,2,10,,5,0.1,500
OW422,Interior 1,South Area,Logan Lake (Pikes Road South Of Chartrand Creek),50.48783,-120.82906,822,NA,1,2004-01-01,51423,NA,42203,1022,NA,NA,1C18P,7,10,5,PSK,5,0.01,200
OW464,Interior 1,South Area,Grindrod Hwy (Salmon Arm - 97b),50.65262,-119.20195,109,NA,1,2004-01-01,6843,NA,46987,1216,48369,NA,1F03P,7,100,100,SLA,5,0.1,200
OW074,Interior 2,South Area,Ootischenia (Aaron Rd. - Castlegar Golf Course),49.31035,-117.61339,507,NA,1,2004-01-01,1106,NA,1105. 52938,31067,1095,6839,2D14P,7,100,100,XWF,10,0.1,200
OW117,Interior 2,South Area,Armstrong (Otter Lake Cross Rd.),50.427103,-119.227723,1155,NA,1,2004-01-01,46987,NA,6843,48369,51117,NA,1F03P,7,10,10,SSM,15,0.1,200
OW118,Interior 2,South Area,Armstrong (Back Enderby Rd.),50.471616,-119.131593,1155,NA,1,2004-01-01,6843,NA,46987,48369,51117,NA,1F03P,7,5,10,SSM,10,0.1,200
OW122,Interior 2,South Area,Enderby (Hwy 97a),50.507359,-119.129053,1155,,1,2004-01-01,6843,,46987,48369,51117,NA,1F03P,7,100,5,,5,0.1,200
OW172,Interior 2,South Area,Oyama (Sawmill Rd.),50.111364,-119.356336,1238,,1,2004-01-01,48369,,46987,51117,1046,NA,1F03P,7,100,10,,15,0.1,500
OW262,Interior 2,South Area,Kelowna (Mcculloch Rd. & Klo Rd.),49.860097,-119.421006,464,NA,1,2004-01-01,51117,NA,48369,1046,979,46987,2E07P,7,100,100,VKU,15,0.1,200
OW264,Interior 2,South Area,Mt. Kobau,49.11888,-119.67838,1113,,1,2004-01-01,1053. 50269,,1041,979,1091,1056. 52958,2G03P,7,10,5,,5,0.1,200
OW291,Interior 2,South Area,Cranbrook (Gold Creek Rd. & 42nd Ave.),49.473055,-115.718887,523,NA,1,2004-01-01,1174. 50818,NA,51818,1180,NA,NA,2D14P,7,100,5,YXC,15,0.1,200
OW306,Interior 2,South Area,Beaverdell (Hwy 33 & 42nd Ave.),49.438271,-119.086497,482,NA,1,2004-01-01,1053. 50269,NA,979,1041,1091,1046,2E07P,7,10,5,BVD,15,0.01,200
OW362,Interior 2,South Area,Jaffray (Jaffray-Baynes Lake Rd),49.37089,-115.30315,521,,1,2004-01-01,1180,,1174. 50818,51818,NA,NA,2D14P,7,100,2,,5,0.1,200
OW442,Interior 2,South Area,Kelowna (4660 Black Rd),49.950925,-119.365802,464,NA,1,2004-01-01,48369,NA,51117,1046,46987,979,2F18P,7,10,5,YLW,10,0.1,200
OW468,Interior 2,South Area,"Cranbrook (Pop Price Park, adjacent to Slater Rd NW)",49.51528,-115.770422,525,NA,1,2004-01-01,1174. 50818,NA,51818,1180,NA,NA,2D14P,7,10,100,YXC,5,0.1,200
OW487,Interior 2,South Area,Lumby (Whitevale Rd. & Horner Rd.),50.219445,-119.003821,314,,1,2004-01-01,46987,,48369,51117,6843,NA,2F10P,7,100,100,,15,0.01,200
OW047,Interior 3,South Area, Silver Star Mountian (Sovereign Lake Road),50.36584,-119.08544,351,NA,1,2004-01-01,46987,NA,6843,48369,51117,NA,1F03P,7,100,100,SSM,5,0.1,500
OW384,Interior 3,South Area,Armstrong (Schubert Rd.) Spallumcheen,50.499953,-119.211984,102,NA,1,2004-01-01,6843,NA,46987,48369,51117,NA,1F03P,7,10,3,SSM,15,0.1,200
OW387,Interior 3,South Area,Penticton Creek Watershed,49.66968,-119.38021,NA,,1,2004-01-01,979,,1046,1053. 50269,51117,48369,2E07P,7,100,100,,10,0.1,200
OW401,Interior 3,South Area,Osoyoos (Bullmoose Rd),49.023341,-119.363599,808,NA,1,2004-01-01,1053. 50269,NA,1041,1091,979,1100,2G03P,7,100,100,WYY,5,0.1,500
OW402,Interior 3,South Area,Osoyoos (Anarchist Mtn Summit),49.030404,-119.347269,936,NA,1,2004-01-01,1053. 50269,NA,1041,1091,979,1100,2E07P,7,100,10,WYY,10,0.01,500
OW403,Interior 3,South Area,Twin Lakes (Twin Lakes Rd),49.33003,-119.72338,261,NA,1,2004-01-01,1053. 50269,NA,979,1041,1046,27122,2G03P,7,10,5,YYF,5,0.001,500
OW409,Interior 3,South Area,Spallumcheen (Schubert Rd),50.510481,-119.225923,103,NA,1,2004-01-01,6843,NA,46987,48369,51117,NA,1F03P,7,100,10,SSM,15,0.1,200
OW411,Interior 3,South Area,West Kelowna (Gill Rd),49.83667,-119.68638,304,NA,1,2004-01-01,1046,NA,51117,48369,979,1053. 50269,2F18P,7,100,100,WKE,5,0.1,500
OW412,Interior 3,South Area,Summerland (Upper Trout Creek),49.734442,-120.156664,1264,NA,1,2004-01-01,27122,NA,1046,1056. 52958,6834,979,2G03P,7,100,10,TCW,5,0.01,500
OW124,Northern,North Area,Charlie Lake,56.33172,-120.95185,1271,,1,2004-01-01,55198,,50837,32255,1404. 48208,1400. 52939,1A17P,7,10,10,,15,0.1,200
OW200,Northern,North Area,Dease Lake,58.43794,-129.9923,828,NA,1,2004-01-01,6845,NA,49628,NA,NA,NA,4D11P,7,5,5,DFS,5,0.1,200
OW293,Northern,North Area,Ferguson Lake (N. Kelly Rd.),54.0472,-122.8038,332,NA,1,2004-01-01,50169,NA,48248,48370,55363,51538,1A14P,7,3,10,VXS,5,0.1,500
OW386,Northern,North Area,Houston,54.39975,-126.65649,659,,1,2004-01-01,470,,574,51658,48628,450,4B17P,7,5,5,,10,0.1,500
OW418,Northern,North Area,Dawson Creek Area / Farmington (235 Rd and Sweetwater Rd),55.909962,-120.453375,633,NA,1,2004-01-01,50837,NA,1404. 48208,55198,32255,47107,1A14P,7,10,3,YDQ,5,0.1,200
OW445,Northern,North Area,Dawson Creek Area / Groundbirch (273 Rd and 208 Rd),55.7527,-120.94917,590,,1,2004-01-01,50837,,1400. 52939,1404. 48208,55198,32255,1A14P,7,5,10,,10,0.1,200
OW455,Northern,North Area,Vanderhoof,54.02345,-124.31642,242,NA,1,2004-01-01,55363,NA,51538,50169,48370,48248,4A02P,7,100,100,VAN,10,0.1,200
OW496,Northern,North Area,Fort Nelson (McConachie Creek Rd),58.8388,-122.74905,1034,,1,2004-01-01,1455. 50819,,54098,NA,NA,NA,4C20P,7,100,10,,15,0.1,500
OW502,Northern,North Area,Valemount (Cranberry Marsh) ,52.81655,-119.27067,800,NA,1,2004-01-01,1237,NA,8214,10223,10930,NA,1E02P,7,100,5,VAL,5,0.01,200
OW513,Northern,North Area,Terrace (Highway 16 and Frank Street),54.5177,-128.63653,575,NA,1,2004-01-01,442,NA,441. 51037,54978,51658,48628,4B17P,7,5,100,YXT,10,0.1,500
OW312,Vancouver Island 1,West Coast Region,Cassidy (Haslam Creek on T-Bridge Rd.),49.06582,-123.874466,161,,1,2004-01-01,132. 29411,,192. 51318. 52941,26,NA,NA,3A25P,7,3,10,,5,0.001,200
OW115,Interior 2,South Area,Mission Creek,49.94642,-118.94698,NA,,1,2004-01-01,48369,,51117,46987,1046,NA,2E07P,7,100,5,,5,0.1,500
OW260,Interior 1,South Area,Quesnel Red Bluff (le Drive & Borregard Road),52.96489,-122.46749,115,NA,1,2004-01-01,48688,NA,48108,664. 50820,650,NA,1C41P,7,100,3,VQZ,10,0.001,500
OW444,Interior 2,South Area,Midway (W of Cleghorn St. and Palmerston Ave),49.01013,-118.78125,478,,1,2004-01-01,1100,,1091,1041,31067,1053. 50269,2E07P,7,5,5,,10,0.01,200
OW451,Coastal 1,South Coast Region,Hope (Tobena Road At Flood Hope Road),49.36575,-121.48121,1,NA,1,2004-01-01,50517,NA,49588,951,707,706,1D19P,7,100,3,VPE,10,0.01,200
OW376,Interior 1,South Area,Junction Sheep Range Park,51.79912,-122.4505,NA,NA,1,2004-01-01,664. 50820,NA,650,51558,53638,NA,1C12P,7,100,100,RIS,5,0.1,500
OW506,Interior 2,South Area," 	Vaseux Creek (Private Drive on E side of Hwy 97)",49.24813,-119.52476,255,,1,2004-01-01,1053. 50269,,1041,979,1046,1091,2E07P,7,2,100,,15,0.1,200
OW423,Interior 1,South Area,Hat Creek (Aq 133 1c Confluence Of Bonaparte R & Hat Cr),50.88584,-121.40389,133,,1,2004-01-01,53638,,51558,51423,NA,NA,1C12P,7,3,5,,10,0.001,200
OW075,Interior 2,South Area,Keremeos (6th Ave & 5th St.),49.20635,-119.82532,259,NA,1,2004-01-01,1053. 50269,NA,1041,979,1056. 52958,6834,2G03P,8,100,5,AHN,5,0.1,500
OW294,Interior 2,South Area,Lumby (Whitevale Rd. & Horner Rd.),50.219595,-119.003824,316,NA,1,2004-01-01,46987,NA,48369,51117,6843,NA,1F03P,8,100,2,WJV,5,0.1,200
OW363,Interior 3,South Area,Wasa (Hwy 93),49.79076,-115.74855,540,NA,1,2004-01-01,51818,NA,1174. 50818,1180,NA,NA,2D14P,9,10,10,JSL,10,0.1,500
OW296,Interior 1,South Area, Merritt (Garcia Road At Library),50.107964,-120.78883,74,,1,2004-01-01,1022,,51598,44927,27122,NA,2G03P,10,100,100,,10,0.1,200
OW309,Interior 2,South Area,Golden (Highway 95 & Almberg Rd.),51.25933,-116.91873,450,NA,1,2004-01-01,54318,NA,1364. 52980,49492,49548,NA,2A30P,10,100,3,VGE,15,0.01,500
OW452,Coastal 1,South Coast Region,Langley (Fort Langley Park),49.167753,-122.584482,37,NA,1,2004-01-01,43723,NA,6830,747,925,702. 50308. 54238,1D19P,11,5,3,WMM,5,0.1,200
OW381,Interior 1,South Area,Grindrod Hwy (Salmon Arm - 97b),50.652616,-119.20174,108,NA,1,2004-01-01,6843,NA,46987,1216,48369,NA,1F03P,12,100,3,SLA,10,0.1,200
OW304,Vancouver Island 2,West Coast Region,Parksville (Despard Rd. At Springwood Park),49.310444,-124.330671,216,NA,0,2004-01-01,45627,NA,138,181,NA,NA,3B23P,12,100,NA,VOQ,20,0.1,100
OW470,Vancouver Island 2,West Coast Region,Mill Bay (Deloume Rd),48.6499,-123.56349,206,,0,2004-01-01,51337,,97,54641,87,NA,3B26P,13,5,,,15,0.001,100
OW486,Coastal 1,South Coast Region,Deroche (Athey Rd.),49.18863,-122.05881,12,,1,2004-01-01,50368,,810,707,706,NA,1D19P,14,5,2,,10,0.01,500
OW217,Interior 2,South Area,Grand Forks (Richmond Ave.),49.023016,-118.434061,158,NA,1,2004-01-01,1100,NA,1091,31067,1106,1105. 52938,2F05P,14,10,2,GDF,10,0.01,200
OW407,Interior 3,South Area,Oliver (Tuc-El-Nuit Rd),49.21599,-119.54109,255,NA,1,2004-01-01,1053. 50269,NA,1041,979,1091,1046,2G03P,14,5,3,MCC,10,0.1,200
OW437,Vancouver Island 1,West Coast Region,Cassidy (Timberlands Rd. Shallow),49.045426,-123.874615,161,,0,2004-01-01,26,,192. 51318. 52941,132. 29411,NA,NA,3B24P,14,5,,,10,0.01,200
OW197,Vancouver Island 2,West Coast Region,Gabriola Island (North Road),49.15638,-123.7652,709,NA,0,2004-01-01,132. 29411,NA,192. 51318. 52941,26,309,NA,3A25P,14,100,NA,WEL,15,0.1,500
OW475,Coastal 2,South Coast Region,Pemberton (Zurcher Park),50.31978,-122.79405,326,,1,2004-01-01,536,,43443,348,NA,NA,1D06P,15,3,3,,15,0.01,500
OW473,Coastal 1,South Coast Region,Bowen Island (Channel View Dr),49.36364,-123.33663,747,,0,2004-01-01,6833,,6817,309,NA,NA,1D17P,16,2,,,15,0.01,500
OW476,Coastal 2,South Coast Region,Pemberton (Industrial Way),50.3114,-122.72669,326,,1,2004-01-01,536,,43443,348,NA,NA,1D06P,16,3,1,,10,0.1,500
OW299,Coastal 1,South Coast Region,Abbotsford (Mt Lehman Rd N Of Marshall Rd Extension),49.04214,-122.38148,15,NA,0,2004-01-01,810,NA,702. 50308. 54238,43723,747,NA,1D17P,17,1,NA,YXX,20,0.01,100
OW378,Northern,North Area,Prince George (at 5th and Ospika),53.92008,-122.79283,92,,1,2004-01-01,50169,,48370,48248,48688,48108,1A19P,17,100,100,,5,0.1,200
OW128,Vancouver Island 2,West Coast Region,Mayne Island (Skana Gate Road),48.86903,-123.28269,447,NA,0,2004-01-01,77,NA,6810,96,766,NA,1D17P,17,2,NA,VTS,10,0.01,100
OW343,Vancouver Island 3,West Coast Region,Central Saanich (Mt Newton X Road),48.599,-123.445816,608,NA,0,2004-01-01,54641,NA,87,51337,NA,NA,1D17P,17,3,NA,VSA,5,0.01,200
OW283,Vancouver Island 2,West Coast Region,Pender Island (Paisley Road),48.81503,-123.31447,711,NA,0,2004-01-01,77,NA,6810,51337,96,87,1D17P,18,1,NA,SLT,10,0.01,100
OW311,Interior 3,South Area,Vernon (Keddleston Rd.) Bx Creek,50.320322,-119.202478,351,NA,1,2004-01-01,46987,NA,48369,6843,51117,NA,1F03P,19,10,100,WJV,10,0.1,200
OW404,Interior 3,South Area,Twin Lakes (Eastview Rd),49.31622,-119.72883,260,,1,2004-01-01,1053. 50269,,979,1041,1046,27122,2G03P,19,100,10,,5,0.1,200
OW292,Coastal 2,South Coast Region,Powell River (2214 Victory Rd.),49.77559,-124.40106,836,NA,0,2004-01-01,45807,NA,327. 52018,NA,NA,NA,3B17P,21,100,NA,PRW,15,0.1,200
OW385,Vancouver Island 1,West Coast Region,Gabriola Island (Horseshoe Rd.),49.180666,-123.826884,709,NA,0,2004-01-01,132. 29411,NA,192. 51318. 52941,26,138,NA,3A25P,22,10,NA,WEL,5,0.1,200
OW081,Interior 1,South Area,83 Mile (Cariboo Hwy 97n),51.43115,-121.38021,124,NA,1,2004-01-01,51558,NA,53638,650,NA,NA,1C12P,24,10,5,LBU,10,0.1,200
OW410,Interior 2,South Area,Joe Riche (Goudie Rd),49.88097,-119.254509,473,,1,2004-01-01,51117,,48369,1046,46987,979,2F05P,24,5,2,,10,0.1,200
OW301,Coastal 1,South Coast Region,Abbotsford (King Rd W Of Bradner Rd),49.03127,-122.43471,15,NA,0,2004-01-01,43723,NA,702. 50308. 54238,810,747,925,1D17P,25,1,NA,YXX,10,0.01,100
OW359,Coastal 2,South Coast Region,Langley (3364 240 St),49.06252,-122.55919,33,NA,0,2004-01-01,43723,NA,747,702. 50308. 54238,925,6830,1D09P,25,2,NA,YXX,10,0.001,100
OW415,Coastal 2,South Coast Region,Langley (244 St & 35 Ave - Deep),49.06537,-122.54718,33,NA,0,2004-01-01,43723,NA,747,702. 50308. 54238,925,6830,1D17P,25,5,NA,YXX,5,0.01,500
OW471,Coastal 2,South Coast Region,Lund (Finn Bay Rd),49.98657,-124.7582,960,,0,2004-01-01,45807,,327. 52018,155,152,NA,3B17P,25,3,,,5,0.1,100
OW082,Interior 1,South Area,Barkerville (Lower),53.05501,-121.48604,NA,,1,2004-01-01,48688,,48108,650,664. 50820,NA,1A17P,25,3,100,,5,0.1,200
OW395,Vancouver Island 2,West Coast Region,Nanoose (River's Edge Dr.),49.28029,-124.28061,219,NA,0,2004-01-01,45627,NA,138,181,NA,NA,3B17P,25,3,NA,VOQ,20,0.1,200
OW356,Interior 3,South Area,Winfield (Jim Bailey Rd.),50.008442,-119.3918,344,NA,1,2004-01-01,48369,NA,51117,46987,1046,NA,2E07P,27,3,5,YLW,10,0.1,200
OW481,Northern,North Area,Fort Nelson (Hay Field off Clark Lake Rd),58.74137,-122.62418,1041,,1,2004-01-01,1455. 50819,,54098,NA,NA,NA,4C01P,28,5,1,,15,0.001,200
OW480,Coastal 1,South Coast Region,Keats Island (Keats Rd),49.391967,-123.483996,548,,0,2004-01-01,309,,45267,6817,NA,NA,1D17P,29,2,,,20,0.001,200
OW394,Vancouver Island 2,West Coast Region,Nanoose (Nuttal Dr.),49.30096,-124.19139,218,NA,0,2004-01-01,138,NA,45627,181,NA,NA,3A25P,29,2,NA,WGB,10,0.001,100
OW288,Vancouver Island 2,West Coast Region,Hornby Island (Central Rd. At Sandpiper Rd.),49.506,-124.64873,438,NA,0,2004-01-01,45627,NA,181,8045,155,NA,3A25P,30,1,NA,BOW,10,0.01,100
OW432,Vancouver Island 3,West Coast Region,Yellowpoint (Quennell Rd.),49.05833,-123.80978,162,NA,0,2004-01-01,26,NA,192. 51318. 52941,132. 29411,NA,NA,3A25P,30,1,NA,CED,15,0.1,100
OW287,Vancouver Island 1,West Coast Region,Coombs (Burgoyne Road),49.301596,-124.415168,220,NA,0,2004-01-01,45627,NA,181,138,NA,NA,3A25P,34,100,NA,VOQ,15,0.1,100
OW373,Vancouver Island 3,West Coast Region,Salt Spring Island (Mt Belcher Heights),48.83867,-123.51075,722,NA,0,2004-01-01,77,NA,26,51337,97,NA,1D17P,34,1,NA,SLT,10,0.1,200
OW446,Coastal 2,South Coast Region,Langley (Campbell Valley Park),49.0188,-122.65452,52,NA,0,2004-01-01,925,NA,747,43723,6830,702. 50308. 54238,1D17P,35,1,NA,WWK,15,0.01,100
OW372,Vancouver Island 1,West Coast Region,District of Highlands (Gowlland Tod Park),48.51208,-123.53264,680,,0,2004-01-01,52,,54641,87,NA,NA,1D17P,35,10,,,10,0.1,200
OW390,Vancouver Island 1,West Coast Region,Cedar (Holden-Corso Rd),49.108143,-123.823252,162,NA,0,2004-01-01,132. 29411,NA,192. 51318. 52941,26,NA,NA,3A25P,35,10,NA,CED,20,0.1,500
OW071,Vancouver Island 3,West Coast Region,Saanich (Cordova Bay Road),48.5304,-123.37483,616,NA,0,2004-01-01,6812,NA,54641,87,NA,NA,1D17P,35,1,NA,WYJ,15,0.01,100
OW316,Vancouver Island 1,West Coast Region,Gabriola Island (Oyster Way),49.138625,-123.767724,709,NA,0,2004-01-01,132. 29411,NA,192. 51318. 52941,26,309,NA,3A25P,36,2,NA,WEL,20,0.001,100
OW484,Vancouver Island 2,West Coast Region,Mayne Island (Mariners Way),48.83347,-123.30082,632,,0,2004-01-01,77,,6810,96,51337,NA,3B24P,37,1,,,15,0.1,100
OW438,Vancouver Island 3,West Coast Region,Salt Spring Island (Ross Rd),48.89015,-123.50125,721,NA,0,2004-01-01,26,NA,77,51337,97,NA,1D17P,37,1,NA,SLT,20,0.1,100
OW413,Interior 2,South Area,SE Kelowna (Bemrose Rd),49.856567,-119.39871,464,,1,2004-01-01,51117,,48369,1046,979,46987,2E07P,38,5,10,,5,0.1,200
OW436,Vancouver Island 1,West Coast Region,Cassidy (Timberlands Rd. Deep),49.045399,-123.874614,160,NA,0,2004-01-01,26,NA,192. 51318. 52941,132. 29411,NA,NA,3B24P,38,1,NA,CED,20,0.1,200
OW425,Vancouver Island 3,West Coast Region,Qualicum (Spider Lake Rd. Deep),49.36456,-124.61434,1251,,0,2004-01-01,45627,,181,8045,225,NA,3A25P,39,2,,,10,0.1,100
OW369,Vancouver Island 1,West Coast Region,Oyster R. Unconsolidated,49.87834,-125.26389,NA,NA,0,2004-01-01,152,NA,145. 52979,155,NA,NA,3A25P,40,100,NA,QUI,5,0.01,100
OW383,Vancouver Island 2,West Coast Region,Quadra Island (Heriot Bay Rd.),50.055599,-125.189118,751,NA,0,2004-01-01,152,NA,145. 52979,155,NA,NA,3A25P,40,10,NA,QUI,5,0.001,100
OW329,Vancouver Island 3,West Coast Region,Ucluelet (Hwys Yard),48.994962,-125.59433,159,NA,0,2004-01-01,283,NA,277. 52960,235,262,NA,3A25P,41,5,NA,TEF,5,0.01,100
OW461,Coastal 3,South Coast Region,Surrey (Mound Farm Park),49.096506,-122.755982,58,,0,2004-01-01,925,,747,6830,43723,49088,1D17P,42,10,,,10,0.1,100
OW430,Vancouver Island 1,West Coast Region,Cowichan (Mclay Rd Deep),48.75567,-123.72598,198,NA,0,2004-01-01,26,NA,97,51337,NA,NA,1D17P,42,100,NA,VOO,20,0.01,200
OW353,Coastal 2,South Coast Region,Langley (196 St Near 36 Ave),49.06717,-122.67997,41,NA,0,2004-01-01,925,NA,747,43723,6830,702. 50308. 54238,1D17P,45,10,NA,WWK,15,0.1,500
OW474,Coastal 2,South Coast Region,Miracle Valley (Burns Rd),49.23549,-122.23649,25,NA,0,2004-01-01,810,NA,702. 50308. 54238,43723,50368,NA,1D18P,48,1,NA,UBC,10,0.001,100
OW440,Coastal 1,South Coast Region,Langley (216 ST & 16 Ave),49.03105,-122.62517,50,,0,2004-01-01,925,,747,43723,702. 50308. 54238,6830,1D17P,49,1,,,10,0.001,200
OW360,Coastal 2,South Coast Region,Langley (2145 200 St.),49.04074,-122.67138,41,NA,0,2004-01-01,925,NA,747,43723,6830,702. 50308. 54238,1D17P,50,2,NA,WWK,10,0.1,100
OW431,Vancouver Island 1,West Coast Region,Cowichan (Mclay Rd Shallow),48.75567,-123.72598,199,NA,0,2004-01-01,26,NA,97,51337,NA,NA,1D17P,50,5,NA,VOO,5,0.01,200
OW428,Vancouver Island 1,West Coast Region,Cowichan (Skultz Falls Rd Deep),48.79051,-123.95995,NA,NA,0,2004-01-01,26,NA,97,192. 51318. 52941,NA,NA,3A25P,51,100,NA,MES,20,0.001,100
OW154,Interior 3,South Area,Summerland (Hwy 97 & Thornber St.),49.57765,-119.63526,297,NA,1,2004-01-01,979,NA,1053. 50269,1046,51117,48369,2E07P,52,100,5,WUS,5,0.1,200
OW261,Interior 1,South Area,Williams Lake (Dog Creek Road),52.09645,-122.11943,148,NA,1,2004-01-01,664. 50820,NA,650,51558,48688,NA,1C41P,53,3,3,YWL,5,0.001,200
OW357,Coastal 1,South Coast Region,Abbotsford (30244 Taylor Rd),49.11834,-122.38712,29,NA,0,2004-01-01,810,NA,702. 50308. 54238,43723,747,NA,1D17P,54,3,NA,YXX,10,0.01,100
OW443,Vancouver Island 3,West Coast Region,Sooke (Phillips Rd Deep),48.412816,-123.716963,606,,0,2004-01-01,6811,,52,NA,NA,NA,3B26P,54,100,,,5,0.001,100
OW392,Vancouver Island 2,West Coast Region,Nanoose (Dawson Rd Deep),49.27794,-124.24362,1098,NA,0,2004-01-01,138,NA,45627,181,NA,NA,3A25P,56,3,NA,WGB,5,0.001,100
OW458,Coastal 2,South Coast Region,Langley (26603 24 Ave. Aldergrove),49.046826,-122.487051,27,NA,0,2004-01-01,43723,NA,702. 50308. 54238,747,810,925,1D17P,57,2,NA,YXX,15,0.1,100
OW491,Coastal 2,South Coast Region,Maple Ridge (Selvey Park),49.19573,-122.47144,26,NA,0,2004-01-01,43723,NA,810,6830,747,702. 50308. 54238,1D18P,57,3,NA,UBC,10,0.01,100
OW396,Vancouver Island 2,West Coast Region,Nanoose (Ballenas Rd.),49.30131,-124.22964,219,NA,0,2004-01-01,138,NA,45627,181,NA,NA,3A25P,57,1,NA,WGB,5,0.01,500
OW320,Vancouver Island 1,West Coast Region,Cobble Hill (Braithwaite Estates),48.69892,-123.58202,197,NA,0,2004-01-01,51337,NA,97,54641,87,NA,1D17P,58,3,NA,SLT,15,0.001,100
OW275,Coastal 3,South Coast Region,Surrey (36th Ave Near 194th St.),49.06754,-122.68439,41,NA,0,2004-01-01,925,NA,747,43723,6830,702. 50308. 54238,1D17P,61,10,NA,WWK,10,0.1,100
OW416,Northern,North Area,Dawson Creek Area / Groundbirch (Lineham Rd and 275 Rd),55.82529,-120.97583,595,NA,1,2004-01-01,50837,NA,1400. 52939,55198,1404. 48208,32255,1A14P,61,3,2,VSJ,15,0.1,200
OW201,Vancouver Island 1,West Coast Region,Alert Bay (Fir St.),50.58197,-126.92605,858,NA,0,2004-01-01,202. 51319,NA,271,48888,29733,NA,3A24P,61,3,NA,VHD,5,0.1,200
OW483,Coastal 2,South Coast Region,Squamish (Powerhouse Creek),49.72254,-123.07491,397,NA,0,2004-01-01,336. 10816,NA,6817,45267,823,NA,1D18P,63,10,NA,WSK,5,0.01,200
OW447,Coastal 3,South Coast Region,Surrey (Tynehead Park),49.18456,-122.75323,61,NA,0,2004-01-01,6830,NA,747,43723,925,NA,1D17P,63,1,NA,WMM,20,0.1,200
OW494,Interior 1,South Area,Merritt (Airport Road-Cascades Dist. Compound),50.125477,-120.746733,1168,,1,2004-01-01,1022,,27122,51598,44927,NA,2F18P,64,2,0.5,,15,0.01,500
OW314,Vancouver Island 2,West Coast Region,Parksville (Springhill Rd.),49.31149,-124.34853,216,NA,0,2004-01-01,45627,NA,181,138,NA,NA,3A25P,69,10,NA,VOQ,5,0.1,100
OW456,Coastal 1,South Coast Region,Langley (Infiltration Gallery At 206 St & 86 Ave),49.158707,-122.651309,59,NA,0,2004-01-01,6830,NA,747,43723,925,NA,1D09P,70,100,NA,WMM,5,0.1,100
OW479,Coastal 2,South Coast Region,Maple Ridge (276 ST & Bell Ave),49.18354,-122.45753,19,NA,0,2004-01-01,43723,NA,810,6830,702. 50308. 54238,747,1D18P,70,0.5,NA,UBC,15,0.1,100
OW492,Coastal 1,South Coast Region,Columbia Valley (Kosikar Rd),49.02244,-122.05063,20,NA,0,2004-01-01,50368,NA,810,702. 50308. 54238,707,NA,1D09P,73,1,NA,YXX,5,0.1,500
OW310,Vancouver Island 1,West Coast Region,Bowser (Deep Bay North At Gainsburg Rd.),49.448724,-124.716175,416,NA,0,2004-01-01,8045,NA,181,225,45627,NA,3A25P,80,1,NA,BOW,5,0.01,200
OW060,Vancouver Island 3,West Coast Region,North Saanich (Littlewood Rd.),48.65863,-123.4304,609,NA,0,2004-01-01,51337,NA,54641,87,NA,NA,1D17P,81,1,NA,YYJ,20,0.1,200
OW488,Vancouver Island 1,West Coast Region,Cowichan Station (Koksilah Rd),48.72946,-123.66332,197,NA,0,2004-01-01,51337,NA,97,87,NA,NA,3B26P,82,2,NA,VOO,15,0.01,200
OW337,Vancouver Island 2,West Coast Region,Ladysmith (Woodley Range),49.036948,-123.828877,162,,0,2004-01-01,26,,192. 51318. 52941,132. 29411,NA,NA,3A25P,82,0.5,,,15,0.01,200
OW507,Vancouver Island 2,West Coast Region, Comox (KFN Well),49.810466,-125.042966,408,,0,2004-01-01,155,,145. 52979,152,45807,NA,3B24P,83,100,,,20,0.1,100
OW002,Coastal 1,South Coast Region,"Abbotsford (Airport, Huntingdon Rd W Of Clearbrook Rd)",49.0171,-122.34165,15,4a,0,2004-01-01,810,MISSION WEST ABBEY,702. 50308. 54238,43723,50368,NA,1D17P,84,1,NA,YXX,5,0.1,500
OW417,Northern,North Area,Dawson Creek Area / Groundbirch (267 Rd and 214 Rd),55.83334,-120.871105,595,NA,1,2004-01-01,50837,NA,1404. 48208,55198,1400. 52939,32255,1A14P,84,1,3,YDQ,5,0.1,200
OW463,Coastal 2,South Coast Region,Mission (30514 Dewdney Trunk Rd),49.220192,-122.379292,884,NA,0,2004-01-01,810,NA,43723,702. 50308. 54238,6830,NA,1D17P,86,1,NA,UBC,10,0.1,100
OW351,Vancouver Island 1,West Coast Region,Comox (Greenwood Rd.),49.71725,-124.92994,408,NA,0,2004-01-01,155,NA,45807,327. 52018,145. 52979,NA,3A25P,86,2,NA,YQQ,20,0.001,100
OW460,Coastal 1,South Coast Region,Gibsons (Oceanmount Blvd & Shaw Rd),49.401641,-123.520065,560,NA,0,2004-01-01,309,NA,45267,45788,6817,NA,3A25P,89,0.5,NA,TSE,10,0.1,100
OW453,Coastal 2,South Coast Region,Langley (24015 72nd Ave),49.13393,-122.55637,35,NA,0,2004-01-01,43723,NA,747,6830,702. 50308. 54238,925,1D17P,89,0.5,NA,WMM,15,0.1,100
OW058,Vancouver Island 3,West Coast Region,North Saanich (Mainwaring Rd.),48.63119,-123.41753,610,NA,0,2004-01-01,54641,NA,87,51337,NA,NA,1D17P,89,0.5,NA,VSA,20,0.1,100
OW398,Vancouver Island 2,West Coast Region,Parksville (Trill Road),49.307161,-124.311776,216,NA,0,2004-01-01,45627,NA,138,181,NA,NA,3A25P,91,1,NA,VOQ,20,0.1,100
OW434,Vancouver Island 3,West Coast Region,Qualicum (Garden Rd. E. Shallow),49.34232,-124.40714,217,NA,0,2004-01-01,45627,NA,181,138,NA,NA,3B23P,94,100,NA,VOQ,15,0.01,200
OW008,Coastal 1,South Coast Region,Abbotsford  (Vye Rd E Of Mccallum Rd),49.01696,-122.2894,15,NA,0,2004-01-01,810,NA,702. 50308. 54238,43723,50368,NA,1D17P,99,1,NA,YXX,15,0.01,100
OW338,Vancouver Island 3,West Coast Region,Central Saanich (Seabrook Rd.),48.57242,-123.41726,608,NA,0,2004-01-01,54641,NA,87,51337,NA,NA,1D17P,102,100,NA,VSA,20,0.1,100
OW429,Vancouver Island 1,West Coast Region,Cowichan (Skultz Falls Rd Shallow),48.790505,-123.959954,178,NA,0,2004-01-01,26,NA,97,192. 51318. 52941,NA,NA,3A25P,106,10,NA,MES,5,0.1,100
OW354,Coastal 2,South Coast Region,Langley (238 St Near 50 Ave),49.09392,-122.56474,35,NA,0,2004-01-01,43723,NA,747,6830,702. 50308. 54238,925,1D17P,116,0.5,NA,WMM,5,0.01,500
OW361,Coastal 2,South Coast Region,Langley (Aldergrove 26b Ave),49.05044,-122.46313,27,NA,0,2004-01-01,43723,NA,702. 50308. 54238,810,747,925,1D17P,116,1,NA,YXX,5,0.001,500
OW405,Interior 2,South Area,Oliver (101 St & 338 Ave),49.16931,-119.5639,256,NA,1,2004-01-01,1053. 50269,NA,1041,979,1091,1046,2G03P,124,2,1,MCC,5,0.01,500
OW424,Vancouver Island 1,West Coast Region,Coombs (Shawn Rd),49.314,-124.40842,1250,NA,0,2004-01-01,45627,NA,181,138,NA,NA,3A25P,144,2,NA,VOQ,10,0.1,100
OW393,Vancouver Island 2,West Coast Region,Nanoose (Dawson Rd Shallow),49.27794,-124.24362,219,NA,0,2004-01-01,138,NA,45627,181,NA,NA,3A25P,148,1,NA,WGB,10,0.1,100
OW332,Interior 2,South Area,Oliver (87TH ST.),49.137819,-119.569162,254,NA,1,2004-01-01,1053. 50269,NA,1041,979,1091,1046,2G03P,155,10,0.5,MCC,5,0.1,500
OW482,Northern,North Area,Fort Nelson (Muskwa river bend),58.7715,-122.676,1040,,1,2004-01-01,1455. 50819,,54098,NA,NA,NA,4C01P,159,5,10,,5,0.1,500
OW467,Interior 2,South Area,Osoyoos East (52 Ave and 25 St),49.02232,-119.42551,194,NA,1,2004-01-01,1053. 50269,NA,1041,1091,979,1100,2E07P,170,3,0.5,WYY,5,0.001,200
OW420,Northern,North Area,Dawson Creek Area (229 Rd And 212 Rd),55.80944,-120.380059,593,,1,2004-01-01,50837,,1404. 48208,55198,32255,47107,1A14P,178,0.5,2,,15,0.01,200
OW414,Coastal 2,South Coast Region,Langley (244 St & 35 Ave - Shallow),49.06537,-122.54718,1144,NA,0,2004-01-01,43723,NA,747,702. 50308. 54238,925,6830,1D18P,180,1,NA,YXX,5,0.1,100
OW499,Coastal 2,South Coast Region,Sechelt (Mission Point Park - SHALLOW),49.44015,-123.72348,566,,1,2004-01-01,45788,,320,309,45267,NA,3A28P,180,3,100,,10,0.1,200
